场景,ID,种类,场景内X,图纸向下Y,宽度,Unity世界X,Unity世界Y_平台为顶面_点为根节点,可升高,塔罗槽位_从0开始
A,PL-A01,normal,0.3,5.7,3.9,2.25,2.3,False,
A,PL-A02,normal,4.2,5,1.5,4.95,3,False,
A,PL-A03,normal,40,2,3.7,41.85,6,False,
A,PL-A04,normal,40,6,3.2,41.6,2,False,
A,PL-A04b,normal,43.2,5.1,1.5,43.95,2.9,False,
A,PL-A05,normal,44.7,4.2,2.2,45.8,3.8,False,
A,PL-A06,normal,80.7,4.8,1.8,81.6,3.2,False,
A,MP-A01,moving,83.1,4.1,1.5,83.85,3.9,False,
A,PL-A07,normal,85.1,1.8,3.4,86.8,6.2,True,
A,PL-A08,normal,85.1,5.9,3.5,86.85,2.1,False,
A,PL-A09,normal,123,3.5,2.4,124.2,4.5,False,
A,PL-A10,normal,124,1.2,2.2,125.1,6.8,False,
A,PL-A11,normal,126.3,4.8,2.2,127.4,3.2,False,
A,PL-A12,normal,162.7,5.3,2,163.7,2.7,False,
A,PL-A13,normal,164.8,4.5,1.6,165.6,3.5,False,
A,FP-A01a,fading,80.3,5.5,0.9,80.75,2.5,False,
A,FP-A01b,fading,81.5,5.1,0.9,81.95,2.9,False,
A,FP-A01c,fading,82.7,5.5,0.9,83.15,2.5,False,
A,TH-A01,hidden,80.7,1.4,1.8,81.6,6.6,False,
A,TH-A02,hidden,83,1.4,1.6,83.8,6.6,False,
A,TH-A03,hidden,124.1,6.5,1.7,124.95,1.5,False,
A,TH-A04,hidden,127,6.5,1.6,127.8,1.5,False,
A,LINK-A1-1,normal,7,5,3,8.5,3,False,
A,LINK-A1-2,normal,11.6,5.9,2.5,12.85,2.1,False,
A,LINK-A1-3,normal,15.5,6.4,3,17.0,1.6,False,
A,LINK-A1-4,normal,20,6.4,5,22.5,1.6,False,
A,LINK-A1-5,normal,26.5,6.2,3,28.0,1.8,False,
A,LINK-A1-6,normal,31,5.2,3,32.5,2.8,False,
A,LINK-A1-7,normal,35.5,6,3.5,37.25,2,False,
A,LINK-A2-1,normal,48.300003,4.2,3,49.8,3.8,False,
A,LINK-A2-2,normal,52.800003,3.4,2.5,54.05,4.6,False,
A,LINK-A2-3,normal,56.800003,2.6,3,58.3,5.4,False,
A,LINK-A2-4,moving,61.300003,3.3,1.4,62.0,4.7,False,
A,LINK-A2-5,normal,65.8,5.3,5,68.3,2.7,False,
A,LINK-A2-6,normal,72.3,4.8,3,73.8,3.2,False,
A,LINK-A2-7,normal,76.8,4.8,2.5,78.05,3.2,False,
A,LINK-A3-1,normal,89.3,5.9,4,91.3,2.1,False,
A,LINK-A3-2,normal,94.8,5.1,2.8,96.2,2.9,False,
A,LINK-A3-3,moving,99.100006,4.3,3,100.6,3.7,False,
A,LINK-A3-4,normal,103.600006,1.9,4,105.6,6.1,False,
A,LINK-A3-5,normal,109.100006,2.8,3,110.6,5.2,False,
A,LINK-A3-6,normal,113.600006,2.8,3,115.1,5.2,False,
A,LINK-A3-7,normal,118.100006,3.5,3,119.6,4.5,False,
A,LINK-A4-1,normal,129.9,4.8,4.5,132.15,3.2,False,
A,LINK-A4-2,normal,135.9,4.1,3,137.4,3.9,False,
A,LINK-A4-3,normal,140.4,3.4,4,142.4,4.6,False,
A,LINK-A4-4,normal,144.4,3.4,4,146.4,4.6,False,
A,LINK-A4-5,normal,149.9,4.2,3.5,151.65,3.8,False,
A,LINK-A4-6,normal,154.9,5,3,156.4,3,False,
A,LINK-A4-7,normal,159.4,5.3,1.2,160.0,2.7,False,
A,LINK-A-UP1,normal,40.4,3.2,1.8,41.3,4.8,False,
A,LINK-A-UP2,normal,42.6,3.3,1.6,43.4,4.7,False,
A,BR-A01-CLIMB1,normal,10.1,3.5,1.2,10.7,4.5,False,
A,BR-A01-CLIMB2,normal,12.8,2.3,2,13.8,5.7,False,
A,BR-A01-RIDGE,normal,16.2,1.6,3,17.7,6.4,False,
A,BR-A01-LOOKOUT,normal,20.6,1.3,5.2,23.2,6.7,False,
A,BR-A01-TRAVERSE,normal,27.1,2.3,3,28.6,5.7,False,
A,BR-A01-DESCENT,normal,31.5,3.5,3,33.0,4.5,False,
A,BR-A01-REJOIN,normal,36,4.5,2.8,37.4,3.5,False,
A,BR-A-T1-ENTRY,normal,52.5,5.4,3,54.0,2.6,False,
A,BR-A-T1-FADE1,fading,57,6,1.3,57.65,2,False,
A,BR-A-T1-FADE2,fading,59.2,6,1.3,59.85,2,False,
A,BR-A-T1-REST,normal,62,6,2.5,63.25,2,False,
A,BR-A-T1-EXIT,normal,64.75,5.2,0.8,65.15,2.8,False,
A,TH-A1-LINK1,hidden,60.9,1.5,2.6,62.2,6.5,False,
A,TH-A1-LINK2,hidden,64.9,1.3,3.5,66.65,6.7,False,
A,TH-A1-LINK3,hidden,69.9,2.5,2,70.9,5.5,False,
A,TH-A1-LINK4,moving,73.8,2.4,2,74.8,5.6,False,
A,TH-A1-LINK5,hidden,77.5,1.4,2,78.5,6.6,False,
A,BR-A02-HIGH1,normal,89.6,2.6,3,91.1,5.4,False,
A,BR-A02-HIGH2,normal,94.1,1.8,4.4,96.3,6.2,False,
A,BR-A02-HIGH3,normal,100,1.7,2.5,101.25,6.3,False,
A,TH-A2-LINK1,hidden,130,7.2,3.6,131.8,0.8,False,
A,TH-A2-LINK2,hidden,134.8,7,3,136.3,1,False,
A,TH-A2-LINK3,hidden,139,6.4,3,140.5,1.6,False,
A,TH-A2-LINK4,hidden,143.2,6.8,4,145.2,1.2,False,
A,TH-A2-LINK5,hidden,148.6,7,3,150.1,1,False,
A,TH-A2-LINK6,hidden,153,7,3,154.5,1,False,
A,TH-A2-LINK7,hidden,157.3,7.2,2.7,158.65,0.8,False,
A,TH-A2-LINK8,hidden,160.9,6.2,1.3,161.55,1.8,False,
A,E06-A-STEP1,normal,128.7,3.3,3,130.2,4.7,False,
A,E06-A-STEP2,normal,133.1,2.3,3,134.6,5.7,False,
A,E06-A-STEP3,normal,137.5,2.3,2,138.5,5.7,False,
A,SP-A01,spawn,0.9,5.35,,0.9,2.8,,
A,T1,tarot,45.3,3.85,,45.3,4.3,,0
A,CP-A01,cp,81.7,4.5,,81.7,3.65,,
A,T2,tarot,123.9,3.15,,123.9,5.0,,1
A,CP-A02,cp,163.5,5,,163.5,3.15,,
A,TRANS-A-B,trans,165.7,4.1,,165.7,4.05,,
A,EN-A01,enemy,3,5.35,,3,2.8,,
A,EN-A02,enemy,42,5.65,,42,2.5,,
A,EN-A03,enemy,86.3,1.4499999,,86.3,6.7,,
A,EN-A04,enemy,85.75,5.55,,85.75,2.6,,
A,EN-A05,enemy,127,4.4500003,,127,3.7,,
A,IT-A01,item,81.7,1.05,,81.7,7.1,,
A,IT-A02,item,127.2,6.15,,127.2,2.0,,
A,TRG-A01,trg,46.1,3.95,,46.1,4.2,,
A,TRG-A02,trg,124.5,3.55,,124.5,4.6,,
A,D1,door,43.7,1.45,,43.7,6.7,,
A,D2,door,88.7,5.45,,88.7,2.7,,
A,FE-A03,fold,80.6,2.6,,80.6,5.55,,
A,FA-A03,fold,87.1,3,,87.1,5.15,,
A,FE-A04,fold,121.8,3.8,,121.8,4.35,,
A,FA-A04,fold,123.5,3.1,,123.5,5.05,,
A,FE-A05,fold,128.1,4,,128.1,4.15,,
A,FA-A05,fold,165.1,4,,165.1,4.15,,
A,SUP-A01,supply,115.25001,2.5,,115.25,5.65,,
A,SUP-LINK-A1-1,supply,8.95,4.7,,8.95,3.45,,
A,SUP-LINK-A2-3,supply,58.750004,2.3,,58.75,5.85,,
A,CP-BR-A01,cp,23.4,0.95,,23.4,7.2,,
A,CP-LINK-A1,cp,7.6,4.65,,7.6,3.5,,
A,EN-LINK-A1,enemy,23,6.05,,23,2.1,,
A,CP-LINK-A2,cp,48.9,3.85,,48.9,4.3,,
A,EN-LINK-A2,enemy,68.8,4.9500003,,68.8,3.2,,
A,CP-LINK-A3,cp,89.9,5.55,,89.9,2.6,,
A,EN-LINK-A3,enemy,106.00001,1.55,,106.0,6.6,,
A,EN-LINK-A4,enemy,146.79999,3.0500002,,146.8,5.1,,
B,PL-B01,normal,0.3,5.7,3.3,171.95,2.3,False,
B,PL-B02,normal,4,4.9,1.6,174.8,3.1,False,
B,PL-B03,normal,40.1,4.1,1.8,211.0,3.9,False,
B,PL-B04,normal,42.5,3.1,1.5,213.25,4.9,False,
B,PL-B04b,normal,44,2.55,1.1,214.55,5.45,False,
B,PL-B05,normal,45.1,2,2,216.1,6,False,
B,PL-B06,normal,40.5,6,4.8,212.9,2,False,
B,MP-B01,moving,80.8,5.3,1.6,251.6,2.7,False,
B,PL-B08,normal,82.6,3.3,3,254.1,4.7,False,
B,PL-B09,normal,85.2,5.1,1.8,256.1,2.9,False,
B,PL-B10,normal,121.5,4.2,2.2,292.6,3.8,False,
B,MP-B02,moving,124,3.2,1.7,294.85,4.8,False,
B,PL-B12,normal,126.1,2.2,2.2,297.2,5.8,False,
B,PL-B13,normal,162.5,5,1.4,333.2,3,False,
B,PL-B13b,normal,163.9,4.15,1.2,334.5,3.85,False,
B,PL-B13c,normal,165.1,3.3,1.2,335.7,4.7,False,
B,PL-B13d,normal,166.3,2.45,1.2,336.9,5.55,False,
B,PL-B14,normal,167.5,1.5,1.6,338.3,6.5,True,
B,FP-B01a,fading,81.8,4.8,0.9,252.25,3.2,False,
B,FP-B01b,fading,83.1,4.3,0.9,253.55,3.7,False,
B,FP-B01c,fading,84.4,4.8,0.9,254.85,3.2,False,
B,FP-B02a,fading,126.4,3.9,0.9,296.85,4.1,False,
B,FP-B02b,fading,161.7,3.4,0.9,332.15,4.6,False,
B,FP-B02c,fading,163,3.9,0.9,333.45,4.1,False,
B,TH-B01,hidden,81.8,1.4,1.7,252.65,6.6,False,
B,TH-B02,hidden,84,1.4,1.7,254.85,6.6,False,
B,TH-B03,hidden,125.2,6.4,2,296.2,1.6,False,
B,TH-B04,hidden,161.7,6.4,1.7,332.55,1.6,False,
B,LINK-B1-1,normal,7,3.9,3,178.5,4.1,False,
B,LINK-B1-2,normal,11.5,2.9,3,183.0,5.1,False,
B,LINK-B1-3,normal,16,2.3,3.5,187.75,5.7,False,
B,LINK-B1-4,normal,21,1.6,3.4,192.7,6.4,False,
B,LINK-B1-5,normal,26.5,2.4,2.5,197.75,5.6,False,
B,LINK-B1-6,normal,30.5,3.1,3,202.0,4.9,False,
B,LINK-B1-7,normal,35,3.1,3,206.5,4.9,False,
B,LINK-B2-1,normal,48,3.8,3,219.5,4.2,False,
B,LINK-B2-2,normal,52.5,4.6,3,224.0,3.4,False,
B,LINK-B2-3,normal,57,5,4.5,229.25,3,False,
B,LINK-B2-4,moving,63,5.6,1.4,233.7,2.4,False,
B,LINK-B2-5,normal,67.5,5.2,4,239.5,2.8,False,
B,LINK-B2-6,normal,73,4.6,2.5,244.25,3.4,False,
B,LINK-B2-7,normal,77,5.3,2,248.0,2.7,False,
B,LINK-B3-1,normal,88.8,5.1,4,260.8,2.9,False,
B,LINK-B3-2,moving,94.3,4.3,2.5,265.55,3.7,False,
B,LINK-B3-3,normal,98.3,2,3,269.8,6,False,
B,LINK-B3-4,normal,102.8,2.7,4,274.8,5.3,False,
B,LINK-B3-5,normal,108.3,3.4,3,279.8,4.6,False,
B,LINK-B3-6,normal,112.8,4.2,3,284.3,3.8,False,
B,LINK-B3-7,normal,117.3,4.2,2.5,288.55,3.8,False,
B,LINK-B4-1,normal,129.2,2.2,3.5,300.95,5.8,False,
B,LINK-B4-2,normal,134.2,3,4.5,306.45,5,False,
B,LINK-B4-3,normal,138.7,3,4,310.7,5,False,
B,LINK-B4-4,normal,144.2,4.6,3,315.7,3.4,False,
B,LINK-B4-5,normal,148.7,5.4,4,320.7,2.6,False,
B,LINK-B4-6,moving,154.2,5,1.4,324.9,3,False,
B,LINK-B4-7,normal,158.7,5,2,329.7,3,False,
B,TH-B1-LINK1,hidden,52.5,1.4,2.6,223.8,6.6,False,
B,TH-B1-LINK2,hidden,57,2,3.5,228.75,6,False,
B,TH-B1-LINK3,moving,62,2.8,2.4,233.2,5.2,False,
B,TH-B1-LINK4,hidden,66.5,2.4,2.6,237.8,5.6,False,
B,TH-B1-LINK5,hidden,71,1.5,2.5,242.25,6.5,False,
B,TH-B1-LINK6,hidden,75.5,2,2.2,246.6,6,False,
B,TH-B1-LINK7,hidden,79.2,1.4,1.5,249.95,6.6,False,
B,TH-B2-LINK1,hidden,128.3,6.4,3,299.8,1.6,False,
B,TH-B2-LINK2,hidden,132.7,6.5,3,304.2,1.5,False,
B,TH-B2-LINK3,fading,137.1,6.4,3,308.6,1.6,False,
B,TH-B2-LINK4,hidden,141.5,6.5,3,313.0,1.5,False,
B,TH-B2-LINK5,hidden,145.9,7.2,3,317.4,0.8,False,
B,TH-B2-LINK6,fading,150.3,7.2,3,321.8,0.8,False,
B,TH-B2-LINK7,hidden,154.7,6.9,2.7,326.05,1.1,False,
B,TH-B2-LINK8,hidden,158.8,6.4,1.7,329.65,1.6,False,
B,BR-B01-1,normal,15.5,5.4,3,187.0,2.6,False,
B,BR-B01-2,normal,20,6.2,5,192.5,1.8,False,
B,BR-B01-3,normal,26.5,6.2,4,198.5,1.8,False,
B,BR-B01-4,normal,32,5.4,3,203.5,2.6,False,
B,BR-B01-5,normal,36.5,4.8,2,207.5,3.2,False,
B,BR-B02-ENTRY,normal,121.8,6.1,2.2,292.9,1.9,False,
B,BR-B02-RETURN1,normal,125,4.8,1.2,295.6,3.2,False,
B,BR-B02-RETURN2,normal,127.5,3.6,1.4,298.2,4.4,False,
B,E06-B-STEP1,normal,62,2,3,233.5,6,False,
B,E06-B-STEP2,normal,66.5,2,3,238.0,6,False,
B,E06-B-STEP3,normal,71,3.2,2,242.0,4.8,False,
B,IN-B01,spawn,0.9,5.35,,170.9,2.8,,
B,CP-B01,cp,4.8,4.55,,174.8,3.6,,
B,T3,tarot,45.8,1.65,,215.8,6.5,,2
B,CP-B02,cp,86.4,4.75,,256.4,3.4,,
B,T4,tarot,124.8,2.85,,294.8,5.3,,3
B,CP-B03,cp,163.2,4.65,,333.2,3.5,,
B,END,end,168.2,1.1,,338.2,7.05,,
B,EN-B01,enemy,3,5.35,,173,2.8,,
B,EN-B02,enemy,22.5,5.85,,192.5,2.3,,
B,EN-B03,enemy,83.95,2.95,,253.95,5.2,,
B,EN-B04,enemy,123.2,3.85,,293.2,4.3,,
B,EN-B05,enemy,126.9,1.85,,296.9,6.3,,
B,EN-B06,enemy,164.5,3.8000002,,334.5,4.35,,
B,IT-B01,item,84.7,1.05,,254.7,7.1,,
B,IT-B02,item,162.2,6.05,,332.2,2.1,,
B,TRG-B01,trg,46.9,3.05,,216.9,5.1,,
B,TRG-B02,trg,122.8,5.75,,292.8,2.4,,
B,D3,door,122.3,5.5,,292.3,2.65,,
B,FE-B02,fold,39.3,3.6,,209.3,4.55,,
B,FA-B02,fold,45.5,1.65,,215.5,6.5,,
B,FE-B03,fold,80.2,5.9,,250.2,2.25,,
B,FA-B03,fold,86.1,4.75,,256.1,3.4,,
B,FE-B04,fold,121,3.5,,291,4.65,,
B,FA-B04,fold,124.4,2.85,,294.4,5.3,,
B,FE-B05,fold,161.3,4.5,,331.3,3.65,,
B,FA-B05,fold,163.5,4.65,,333.5,3.5,,
B,SUP-B01,supply,69.7,4.8999996,,239.7,3.25,,
B,SUP-LINK-B1-1,supply,8.95,3.6000001,,178.95,4.55,,
B,SUP-LINK-B3-5,supply,110.25,3.1000001,,280.25,5.05,,
B,EN-B-LOCAL01,enemy,99.8,1.65,,269.8,6.5,,
B,CP-LINK-B1,cp,7.6,3.5500002,,177.6,4.6,,
B,CP-LINK-B2,cp,48.6,3.45,,218.6,4.7,,
B,EN-LINK-B2,enemy,59.7,4.65,,229.7,3.5,,
B,CP-LINK-B3,cp,89.4,4.75,,259.4,3.4,,
